{
  "swagger" : "2.0",
  "info" : {
    "version" : "1.0",
    "title" : "Summary about the new REST service.",
    "description" : "Summary about the new REST service."
  },
  "host" : "localhost:8080",
  "basePath" : "/",
  "schemes" : [ "http" ],
  "paths" : {
    "/cleerrorhandler" : {
      "get" : {
        "description" : "",
        "operationId" : "cleerrorhandler",
        "consumes" : [ "application/json" ],
        "produces" : [ "application/json" ],
        "parameters" : [ {
          "name" : "Page",
          "in" : "query",
          "description" : "",
          "type" : "integer",
          "format" : "int32",
          "required" : false
        }, {
          "name" : "ErrorTimestampTo",
          "in" : "query",
          "description" : "",
          "type" : "string",
          "format" : "date-time",
          "required" : false
        }, {
          "name" : "InterfaceID",
          "in" : "query",
          "description" : "",
          "type" : "string",
          "required" : false
        }, {
          "name" : "ErrorTimestampFrom",
          "in" : "query",
          "description" : "",
          "type" : "string",
          "format" : "date-time",
          "required" : false
        }, {
          "name" : "AllPages",
          "in" : "query",
          "description" : "",
          "type" : "boolean",
          "required" : false
        }, {
          "name" : "TransactionID",
          "in" : "query",
          "description" : "",
          "type" : "string",
          "required" : false
        } ],
        "responses" : {
          "200" : {
            "description" : "a ErrorMsgCollection to be returned",
            "schema" : {
              "$ref" : "#/definitions/ErrorMsgCollection"
            }
          },
          "500" : {
            "description" : "Internal Server Error",
            "schema" : {
              "type" : "string"
            }
          },
          "405" : {
            "description" : "No Record Found",
            "schema" : {
              "type" : "string"
            }
          }
        }
      }
    },
    "/cleloghandler" : {
      "get" : {
        "description" : "",
        "operationId" : "get-clehandler",
        "consumes" : [ "application/json" ],
        "produces" : [ "application/json" ],
        "parameters" : [ {
          "name" : "Page",
          "in" : "query",
          "description" : "",
          "type" : "integer",
          "format" : "int32",
          "required" : false
        }, {
          "name" : "LogTimeStampTo",
          "in" : "query",
          "description" : "",
          "type" : "string",
          "format" : "date-time",
          "required" : false
        }, {
          "name" : "InterfaceID",
          "in" : "query",
          "description" : "",
          "type" : "string",
          "required" : false
        }, {
          "name" : "LogTimeStampFrom",
          "in" : "query",
          "description" : "",
          "type" : "string",
          "format" : "date-time",
          "required" : false
        }, {
          "name" : "AllPages",
          "in" : "query",
          "description" : "",
          "type" : "boolean",
          "required" : false
        }, {
          "name" : "TransactionID",
          "in" : "query",
          "description" : "",
          "type" : "string",
          "required" : false
        } ],
        "responses" : {
          "200" : {
            "description" : "a LogMsgCollection to be returned",
            "schema" : {
              "$ref" : "#/definitions/LogMsgCollection"
            }
          },
          "500" : {
            "description" : "Internal Server Error",
            "schema" : {
              "type" : "string"
            }
          },
          "405" : {
            "description" : "No Records Found",
            "schema" : {
              "type" : "string"
            }
          },
          "406" : {
            "description" : "Internal Error Occured",
            "schema" : {
              "type" : "string"
            }
          }
        }
      }
    }
  },
  "definitions" : {
    "LogMsgDescription" : {
      "type" : "object",
      "required" : [ "Status", "GeneralLogMsg", "LogTimeStamp", "BusinessKeys", "TransactionID" ],
      "properties" : {
        "LogMsgCode" : {
          "type" : "string"
        },
        "LogLevel" : {
          "type" : "string"
        },
        "GeneralLogMsg" : {
          "type" : "string"
        },
        "Status" : {
          "type" : "string"
        },
        "Category" : {
          "type" : "string"
        },
        "TransactionID" : {
          "type" : "string"
        },
        "ProcessInstanceID" : {
          "type" : "string"
        },
        "LogCorrelationID" : {
          "type" : "string"
        },
        "LogTimeStamp" : {
          "type" : "string"
        },
        "Payload" : {
          "type" : "string"
        },
        "BusinessKeys" : {
          "type" : "string"
        }
      }
    },
    "LogMsgHeader" : {
      "type" : "object",
      "required" : [ "InterfaceID" ],
      "properties" : {
        "InterfaceID" : {
          "type" : "string"
        },
        "SenderSystemName" : {
          "type" : "string"
        },
        "TargetSystemName" : {
          "type" : "string"
        },
        "TransactionType" : {
          "type" : "string"
        },
        "TransactionDomain" : {
          "type" : "string"
        }
      }
    },
    "ErrorMsgRequest" : {
      "type" : "object",
      "properties" : {
        "ErrorMsgHeader" : {
          "$ref" : "#/definitions/ErrorMsgHeader"
        },
        "ErrorMessageDesc" : {
          "$ref" : "#/definitions/ErrorMessageDesc"
        }
      }
    },
    "ErrorMsgCollection" : {
      "type" : "object",
      "required" : [ "ErrorMsgRequest" ],
      "properties" : {
        "ErrorMsgRequest" : {
          "type" : "array",
          "items" : {
            "$ref" : "#/definitions/ErrorMsgRequest",
            "uniqueItems" : false
          }
        },
        "NoOfPages" : {
          "type" : "integer"
        }
      }
    },
    "LogMsgRequest" : {
      "type" : "object",
      "required" : [ "LogMsgDescription", "LogMsgHeader" ],
      "properties" : {
        "LogMsgHeader" : {
          "$ref" : "#/definitions/LogMsgHeader"
        },
        "LogMsgDescription" : {
          "$ref" : "#/definitions/LogMsgDescription"
        }
      }
    },
    "LogMsgCollection" : {
      "type" : "object",
      "required" : [ "LogMsgRequest" ],
      "properties" : {
        "LogMsgRequest" : {
          "type" : "array",
          "items" : {
            "$ref" : "#/definitions/LogMsgRequest",
            "uniqueItems" : false
          }
        },
        "NoOfPages" : {
          "type" : "integer"
        }
      }
    },
    "ErrorMsgHeader" : {
      "type" : "object",
      "required" : [ "InterfaceID" ],
      "properties" : {
        "InterfaceID" : {
          "type" : "string"
        },
        "SenderSystemName" : {
          "type" : "string"
        },
        "TargetSystemName" : {
          "type" : "string"
        },
        "TransactionType" : {
          "type" : "string"
        },
        "TransactionDomain" : {
          "type" : "string"
        }
      }
    },
    "ErrorMessageDesc" : {
      "type" : "object",
      "required" : [ "GeneralErrorMsg", "Payload", "ProcessStack", "ErrorTimeStamp", "TransactionID" ],
      "properties" : {
        "ErrorCategory" : {
          "type" : "string"
        },
        "ErrorSeverity" : {
          "type" : "string"
        },
        "ErrorCode" : {
          "type" : "string"
        },
        "ErrorDescription" : {
          "type" : "string"
        },
        "ErrorStack" : {
          "type" : "string"
        },
        "GeneralErrorMsg" : {
          "type" : "string"
        },
        "ProcessStack" : {
          "type" : "string"
        },
        "TransactionID" : {
          "type" : "string"
        },
        "ProcessInstanceID" : {
          "type" : "string"
        },
        "CorrelationID" : {
          "type" : "string"
        },
        "ErrorTimeStamp" : {
          "type" : "string"
        },
        "Payload" : {
          "type" : "string"
        }
      }
    }
  }
}