{
  "swagger" : "2.0",
  "info" : {
    "version" : "1.0",
    "title" : "Summary about the new REST service.",
    "description" : "Summary about the new REST service."
  },
  "host" : "localhost:8080",
  "basePath" : "/",
  "schemes" : [ "http" ],
  "paths" : {
    "/cleuihandler_rest" : {
      "post" : {
        "description" : "Create a new item",
        "operationId" : "createItem",
        "consumes" : [ "application/json" ],
        "produces" : [ "application/json" ],
        "parameters" : [ {
          "name" : "body",
          "in" : "body",
          "description" : "",
          "type" : "string",
          "required" : true
        }, {
          "name" : "Role",
          "in" : "query",
          "description" : "",
          "type" : "string",
          "required" : false
        }, {
          "name" : "UserName",
          "in" : "query",
          "description" : "",
          "type" : "string",
          "required" : false
        }, {
          "name" : "LDAPAuth",
          "in" : "query",
          "description" : "",
          "type" : "string",
          "required" : false
        }, {
          "name" : "Password",
          "in" : "query",
          "description" : "",
          "type" : "string",
          "required" : false
        } ],
        "responses" : {
          "200" : {
            "description" : "post response",
            "schema" : {
              "type" : "boolean"
            }
          },
          "101" : {
            "description" : "User is not part of an Organization",
            "schema" : {
              "type" : "string"
            }
          },
          "405" : {
            "description" : "No records found",
            "schema" : {
              "type" : "string"
            }
          },
          "406" : {
            "description" : "Internal error occured",
            "schema" : {
              "type" : "string"
            }
          }
        }
      },
      "get" : {
        "description" : "Get an item",
        "operationId" : "getItem",
        "consumes" : [ "application/json" ],
        "produces" : [ "application/json" ],
        "parameters" : [ {
          "name" : "Role",
          "in" : "query",
          "description" : "",
          "type" : "string",
          "required" : false
        }, {
          "name" : "UserName",
          "in" : "query",
          "description" : "",
          "type" : "string",
          "required" : true
        }, {
          "name" : "LDAPAuth",
          "in" : "query",
          "description" : "",
          "type" : "string",
          "required" : false
        }, {
          "name" : "Password",
          "in" : "query",
          "description" : "",
          "type" : "string",
          "required" : true
        } ],
        "responses" : {
          "200" : {
            "description" : "get response",
            "schema" : {
              "type" : "boolean"
            }
          }
        }
      },
      "delete" : {
        "description" : "Delete an item",
        "operationId" : "deleteItem",
        "consumes" : [ "application/json" ],
        "produces" : [ "application/json" ],
        "parameters" : [ {
          "name" : "UserName",
          "in" : "query",
          "description" : "",
          "type" : "string",
          "required" : false
        } ],
        "responses" : {
          "200" : {
            "description" : "delete response",
            "schema" : {
              "type" : "boolean"
            }
          }
        }
      }
    },
    "/cleinterfaceconfig" : {
      "post" : {
        "description" : "",
        "operationId" : "post-cleinterfaceconfig",
        "consumes" : [ "application/json" ],
        "produces" : [ "application/json" ],
        "parameters" : [ {
          "name" : "body",
          "in" : "body",
          "description" : "",
          "schema" : {
            "$ref" : "#/definitions/CLEInterfaceConfigInParam"
          },
          "required" : true
        } ],
        "responses" : {
          "200" : {
            "description" : "a CLEInterfaceConfigRes to be returned",
            "schema" : {
              "$ref" : "#/definitions/CLEInterfaceConfigRes"
            }
          },
          "500" : {
            "description" : "Internal Server Error",
            "schema" : {
              "type" : "string"
            }
          },
          "405" : {
            "description" : "No Records found",
            "schema" : {
              "type" : "string"
            }
          },
          "406" : {
            "description" : "Internal Error - Failed to create Interface",
            "schema" : {
              "type" : "string"
            }
          },
          "200" : {
            "description" : "OK"
          }
        }
      }
    },
    "/cleerrorhandler" : {
      "get" : {
        "description" : "Get an item",
        "operationId" : "getItem",
        "consumes" : [ "application/json" ],
        "produces" : [ "application/json", "application/xml" ],
        "parameters" : [ {
          "name" : "Page",
          "in" : "query",
          "description" : "",
          "type" : "integer",
          "format" : "int32",
          "required" : false
        }, {
          "name" : "ErrorTimestampTo",
          "in" : "query",
          "description" : "",
          "type" : "string",
          "format" : "date-time",
          "required" : false
        }, {
          "name" : "InterfaceID",
          "in" : "query",
          "description" : "",
          "type" : "string",
          "required" : false
        }, {
          "name" : "ErrorTimestampFrom",
          "in" : "query",
          "description" : "",
          "type" : "string",
          "format" : "date-time",
          "required" : false
        }, {
          "name" : "AllPages",
          "in" : "query",
          "description" : "",
          "type" : "boolean",
          "required" : false
        }, {
          "name" : "TransactionID",
          "in" : "query",
          "description" : "",
          "type" : "string",
          "required" : false
        } ],
        "responses" : {
          "200" : {
            "description" : "a CLEUIErrorMsgCollection to be returned",
            "schema" : {
              "$ref" : "#/definitions/CLEUIErrorMsgCollection"
            }
          },
          "500" : {
            "description" : "Internal Server Error",
            "schema" : {
              "type" : "string"
            }
          },
          "405" : {
            "description" : "No records found",
            "schema" : {
              "type" : "string"
            }
          },
          "406" : {
            "description" : "Internal error occured",
            "schema" : {
              "type" : "string"
            }
          }
        }
      }
    },
    "/cleexceptionconfig" : {
      "post" : {
        "description" : "",
        "operationId" : "cleexceptionconfig",
        "consumes" : [ "application/json" ],
        "produces" : [ "application/json" ],
        "parameters" : [ {
          "name" : "body",
          "in" : "body",
          "description" : "",
          "schema" : {
            "$ref" : "#/definitions/cleExceptionConfigInParam"
          },
          "required" : true
        } ],
        "responses" : {
          "200" : {
            "description" : "a cleExceptionConfigRes to be returned",
            "schema" : {
              "$ref" : "#/definitions/cleExceptionConfigRes"
            }
          },
          "500" : {
            "description" : "Internal Server Error",
            "schema" : {
              "type" : "string"
            }
          },
          "405" : {
            "description" : "No Records found",
            "schema" : {
              "type" : "string"
            }
          },
          "406" : {
            "description" : "Internal Error occured",
            "schema" : {
              "type" : "string"
            }
          },
          "200" : {
            "description" : "OK"
          }
        }
      },
      "put" : {
        "description" : "",
        "operationId" : "put-cleexceptionconfig",
        "consumes" : [ "application/json" ],
        "produces" : [ "application/json" ],
        "parameters" : [ {
          "name" : "body",
          "in" : "body",
          "description" : "",
          "schema" : {
            "$ref" : "#/definitions/cleExceptionConfigInParam"
          },
          "required" : true
        } ],
        "responses" : {
          "200" : {
            "description" : "a cleExceptionConfigRes to be returned",
            "schema" : {
              "$ref" : "#/definitions/cleExceptionConfigRes"
            }
          },
          "500" : {
            "description" : "Internal Server Error",
            "schema" : {
              "type" : "string"
            }
          },
          "405" : {
            "description" : "No Records found",
            "schema" : {
              "type" : "string"
            }
          },
          "406" : {
            "description" : "Internal Error occured",
            "schema" : {
              "type" : "string"
            }
          },
          "200" : {
            "description" : "OK"
          }
        }
      }
    },
    "/getexceptiondetailsbyid" : {
      "get" : {
        "description" : "",
        "operationId" : "get-getexceptiondetailsbyid",
        "consumes" : [ "application/json" ],
        "produces" : [ "application/json" ],
        "parameters" : [ {
          "name" : "interfaceId",
          "in" : "query",
          "description" : "",
          "type" : "string",
          "required" : true
        } ],
        "responses" : {
          "200" : {
            "description" : "a cleExceptionConfigInParam to be returned",
            "schema" : {
              "$ref" : "#/definitions/cleExceptionConfigInParam"
            }
          }
        }
      }
    },
    "/cleloghandler" : {
      "get" : {
        "description" : "Get an item",
        "operationId" : "getItem",
        "consumes" : [ "application/json" ],
        "produces" : [ "application/json", "application/xml" ],
        "parameters" : [ {
          "name" : "Page",
          "in" : "query",
          "description" : "",
          "type" : "integer",
          "format" : "int32",
          "required" : false
        }, {
          "name" : "LogTimeStampTo",
          "in" : "query",
          "description" : "",
          "type" : "string",
          "format" : "date-time",
          "required" : false
        }, {
          "name" : "InterfaceID",
          "in" : "query",
          "description" : "",
          "type" : "string",
          "required" : false
        }, {
          "name" : "LogTimeStampFrom",
          "in" : "query",
          "description" : "",
          "type" : "string",
          "format" : "date-time",
          "required" : false
        }, {
          "name" : "AllPages",
          "in" : "query",
          "description" : "",
          "type" : "boolean",
          "required" : false
        }, {
          "name" : "TransactionID",
          "in" : "query",
          "description" : "",
          "type" : "string",
          "required" : false
        } ],
        "responses" : {
          "200" : {
            "description" : "a CLEUILogMsgCollection to be returned",
            "schema" : {
              "$ref" : "#/definitions/CLEUILogMsgCollection"
            }
          },
          "500" : {
            "description" : "Internal Server Error",
            "schema" : {
              "type" : "string"
            }
          },
          "405" : {
            "description" : "No records found",
            "schema" : {
              "type" : "string"
            }
          },
          "406" : {
            "description" : "Internal error occured",
            "schema" : {
              "type" : "string"
            }
          }
        }
      }
    },
    "/getallinterfaces" : {
      "get" : {
        "description" : "",
        "operationId" : "get-getallinterfaces",
        "consumes" : [ "application/json" ],
        "produces" : [ "application/json" ],
        "parameters" : [ ],
        "responses" : {
          "200" : {
            "description" : "a CLEInterfaceConfigInParam to be returned",
            "schema" : {
              "type" : "array",
              "items" : {
                "$ref" : "#/definitions/CLEInterfaceConfigInParam",
                "uniqueItems" : false
              }
            }
          }
        }
      }
    }
  },
  "definitions" : {
    "cleExceptionError" : {
      "type" : "object",
      "properties" : {
        "EXCEPTION_CODE" : {
          "type" : "string"
        },
        "EXCEPTION_DESC" : {
          "type" : "string"
        },
        "EXCEPTION_CATEGORY" : {
          "type" : "string"
        }
      }
    },
    "CLEInterfaceConfigRes" : {
      "type" : "object",
      "required" : [ "cleExceptionConfigOutput" ],
      "properties" : {
        "cleExceptionConfigOutput" : {
          "type" : "boolean"
        }
      }
    },
    "CLEUILogMsgCollection" : {
      "type" : "object",
      "properties" : { }
    },
    "CLEInterfaceConfigInParam" : {
      "type" : "object",
      "properties" : {
        "INTERFACE_ID" : {
          "type" : "string"
        },
        "INTERFACE_TYPE" : {
          "type" : "string"
        },
        "INTERFACE_DOMAIN" : {
          "type" : "string"
        }
      }
    },
    "cleExceptionConfigRes" : {
      "type" : "object",
      "required" : [ "cleExceptionConfigOutput" ],
      "properties" : {
        "cleExceptionConfigOutput" : {
          "type" : "boolean"
        }
      }
    },
    "CLEUIErrorMsgCollection" : {
      "type" : "object",
      "properties" : { }
    },
    "cleExceptionConfigInParam" : {
      "type" : "object",
      "required" : [ "cleExceptionError" ],
      "properties" : {
        "INTERFACE_ID" : {
          "type" : "string"
        },
        "cleExceptionError" : {
          "type" : "array",
          "items" : {
            "$ref" : "#/definitions/cleExceptionError",
            "uniqueItems" : false
          }
        }
      }
    }
  }
}