{
"Book": [
  {
    "isbn": "1451648537",
    "name": "Steve Jobs",
    "description": "Biography of Apple Co-Founder Steve Jobs",
    "authorName": "Walter Isaacson",
    "releaseDate": "2012-10-24",
    "vintage": "false",
    "signed": "false",
    "price": "21.00"
  }, 
  {
    "isbn": "0385537859",
    "name": "Inferno",
    "description": "Robert Langdon returns in Dan Brown's latest fast paced action thirller",
    "authorName": "Dan Brown",
    "releaseDate": "2013-05-14",
    "vintage": "false",
    "signed": "true",
    "price": "14.09"
  },
  {
    "isbn": "0399103421",
    "name": "The Godfather",
    "description": "The Godfather is an epic story of a New York's top mafia family, loyalty, and how men of honor live in their own world, and die by their own laws.",
    "authorName": "Mario Puzo",
    "releaseDate": "1969-03-10",
    "vintage": "true",
    "signed": "true",
    "price": "50.00"
  }
]
}