{
"Book": [
  {
    "isbn": "1451648537",
    "name": "Steve Jobs1",
    "description": "Biography of Apple Co-Founder Steve Jobs - New",
    "authorName": "Walter Isaacson",
    "releaseDate": "2012-10-24",
    "vintage": "false",
    "signed": "false",
    "price": "25.00"
  }, 
  {
    "isbn": "0385537829",
    "name": "Angels and Demons",
    "description": "Robert Langdon returns in Dan Brown's fast paced action thirller",
    "authorName": "Dan Brown",
    "releaseDate": "2013-05-14",
    "vintage": "false",
    "signed": "true",
    "price": "15.09"
  },
  {
    "isbn": "0399103439",
    "name": "The Godfather1",
    "description": "The Godfather is an epic story of a New York's top mafia family, loyalty, and how men of honor live in their own world, and die by their own laws.",
    "authorName": "Mario Puzo",
    "releaseDate": "1969-03-10",
    "vintage": "true",
    "signed": "true",
    "price": "50.00"
  }
]
}