{
  "Event": [
    {
      "id": "1",
      "summary": "Walter Isaacson book signing event",
      "description": "Walter Isaacson is invited to present his new book",
      "authorName": "Walter Isaacson",
      "bookIsbn": "1451648537",
      "date": "2013-01-15"
    },
    {
      "id": "2",
      "summary": "Dan Brown book signing event",
      "description": "Dan Brown is invited to present his new book",
      "authorName": "Dan Brown",
      "bookIsbn": "0385537859",
      "date": "2013-06-02"
    }
  ]
}