{"records": [
    {
        "jsonSchemaLocation": "/Tibco.Ooredoo.CLEServer/Service Descriptors/tibco.ooredoo.cleuihandler.implementation.CLEUIHandler_REST-CLEUIHandler_REST.json",
        "conversionType": "linked",
        "xsdSchemaTargetNamespace": "http://ooredoo.com/telecom/common/xsd/v1_0_0_0/CLEInterfaceConfig"
    },
    {
        "jsonSchemaLocation": "/Tibco.Ooredoo.CLEServer/Service Descriptors/tibco.ooredoo.cleuihandler.implementation.CLEUIHandler_REST-CLEUIHandler_REST.json",
        "conversionType": "linked",
        "xsdSchemaTargetNamespace": "http://ooredoo.com/telecom/common/xsd/v1_0_0_0/CLEUIHandlerService"
    },
    {
        "jsonSchemaLocation": "/Tibco.Ooredoo.CLEServer/Service Descriptors/tibco.ooredoo.cleuihandler.implementation.CLEUIHandler_REST-CLEUIHandler_REST.json",
        "conversionType": "linked",
        "xsdSchemaTargetNamespace": "http://ooredoo.com/telecom/common/xsd/v1_0_0_0/CLEExceptionConfig"
    }
]}