<?xml version = "1.0" encoding = "UTF-8"?>
<tns:order xmlns:tns = "http://www.example.org/new_order_schema" xmlns:xsi = "http://www.w3.org/2001/XMLSchema-instance" xsi:schemaLocation = "http://www.example.org/new_order_schema new_order_schema.xsd">
	<tns:customer_name>Hank Hill</tns:customer_name>
	<tns:ship_to_addr>
		<tns:ship_to_street>1234 Main Street</tns:ship_to_street>
		<tns:ship_to_city>Arlen</tns:ship_to_city>
		<tns:ship_to_state>Texas</tns:ship_to_state>
		<tns:ship_to_zip_code>78712</tns:ship_to_zip_code>
		<tns:ship_to_country>USA</tns:ship_to_country>
	</tns:ship_to_addr>
	<tns:items>
		<tns:item_no>9876</tns:item_no>
		<tns:quantity>1</tns:quantity>
	</tns:items>
	<tns:items>
		<tns:item_no>5612</tns:item_no>
		<tns:quantity>2</tns:quantity>
	</tns:items>
	<tns:total_price>123</tns:total_price>
</tns:order>