<?xml version="1.0" encoding="UTF-8"?>
<con:soapui-project id="bc4312b2-6418-43e9-8eff-036593acb682" activeEnvironment="Default" name="RandomWSDLConcrete" resourceRoot="" soapui-version="5.3.0" xmlns:con="http://eviware.com/soapui/config"><con:settings/><con:interface xsi:type="con:WsdlInterface" id="61fb9602-1f95-4d32-909c-a738f9797201" wsaVersion="NONE" name="PortTypeEndpoint0Binding" type="wsdl" bindingName="{http://xmlns.example.com/1514378642759}PortTypeEndpoint0Binding" soapVersion="1_1" anonymous="optional" definition="file:/D:/Nikeetaa/POC2/ServiceDescriptors/RandomWSDLConcrete.wsdl" xmlns:xsi="http://www.w3.org/2001/XMLSchema-instance"><con:settings/><con:definitionCache type="TEXT" rootPart="file:\D:\Nikeetaa\POC2\ServiceDescriptors\RandomWSDLConcrete.wsdl"><con:part><con:url>file:\D:\Nikeetaa\POC2\ServiceDescriptors\RandomWSDLConcrete.wsdl</con:url><con:content><![CDATA[<!--Created by TIBCO WSDL-->
<wsdl:definitions name="Untitled" targetNamespace="http://xmlns.example.com/1514378642759" xmlns:wsdl="http://schemas.xmlsoap.org/wsdl/" xmlns:tns="http://xmlns.example.com/1514378642759" xmlns:ns0="http://www.tibco.com/schemas/POC2/Schemas/Schema.xsd2" xmlns:ns2="http://www.tibco.com/schemas/POC2/Schemas/Schema.xsd3" xmlns:ns1="http://www.tibco.com/schemas/POC2/Schemas/Schema.xsd" xmlns:soap="http://schemas.xmlsoap.org/wsdl/soap/">
  <wsdl:types>
    <xs:schema targetNamespace="http://www.tibco.com/schemas/POC2/Schemas/Schema.xsd3" elementFormDefault="qualified" attributeFormDefault="unqualified" xmlns="http://www.tibco.com/schemas/POC2/Schemas/Schema.xsd3" xmlns:xs="http://www.w3.org/2001/XMLSchema">
      <xs:complexType name="DateInputType">
        <xs:sequence>
          <xs:element name="dob" type="xs:date" minOccurs="0"/>
        </xs:sequence>
      </xs:complexType>
      <xs:complexType name="DateOutputType">
        <xs:sequence>
          <xs:element name="parseDateResult" type="xs:date" minOccurs="0"/>
          <xs:element name="formatDateResult" type="xs:string" minOccurs="0"/>
        </xs:sequence>
      </xs:complexType>
      <xs:element name="DateInput" type="ns2:DateInputType"/>
      <xs:element name="DateOutput" type="ns2:DateOutputType"/>
    </xs:schema>
    <xs:schema targetNamespace="http://www.tibco.com/schemas/POC2/Schemas/Schema.xsd2" elementFormDefault="qualified" attributeFormDefault="unqualified" xmlns="http://www.tibco.com/schemas/POC2/Schemas/Schema.xsd2" xmlns:xs="http://www.w3.org/2001/XMLSchema">
      <xs:complexType name="InputStringType">
        <xs:sequence>
          <xs:element name="FirstName" minOccurs="0">
            <xs:simpleType>
              <xs:restriction base="xs:string">
                <xs:length value="6"/>
              </xs:restriction>
            </xs:simpleType>
          </xs:element>
          <xs:element name="LastName" minOccurs="0">
            <xs:simpleType>
              <xs:restriction base="xs:string">
                <xs:length value="6"/>
              </xs:restriction>
            </xs:simpleType>
          </xs:element>
        </xs:sequence>
      </xs:complexType>
      <xs:complexType name="OutputStringType">
        <xs:sequence>
          <xs:element name="result" type="xs:string" minOccurs="0"/>
        </xs:sequence>
      </xs:complexType>
      <xs:element name="RandomStringInput" type="ns0:InputStringType"/>
      <xs:element name="RandomStringOutput" type="ns0:OutputStringType"/>
    </xs:schema>
    <xs:schema targetNamespace="http://www.tibco.com/schemas/POC2/Schemas/Schema.xsd" elementFormDefault="qualified" attributeFormDefault="unqualified" xmlns="http://www.tibco.com/schemas/POC2/Schemas/Schema.xsd" xmlns:xs="http://www.w3.org/2001/XMLSchema">
      <xs:complexType name="RandomMathInputType">
        <xs:sequence>
          <xs:element name="Number1" type="xs:int" minOccurs="0"/>
          <xs:element name="Number2" type="xs:int" minOccurs="0"/>
        </xs:sequence>
      </xs:complexType>
      <xs:complexType name="RandomMathOutputType">
        <xs:sequence>
          <xs:element name="Result" type="xs:int" minOccurs="0"/>
        </xs:sequence>
      </xs:complexType>
      <xs:element name="RandomMathInput" type="ns1:RandomMathInputType"/>
      <xs:element name="RandomMathOutput" type="ns1:RandomMathOutputType"/>
    </xs:schema>
  </wsdl:types>
  <wsdl:service name="RandomWSDL-service0">
    <wsdl:port name="PortTypeEndpoint0" binding="tns:PortTypeEndpoint0Binding">
      <soap:address location="http://localhost:1030/Processes/RandomWSDL-service0.serviceagent/PortTypeEndpoint0"/>
    </wsdl:port>
  </wsdl:service>
  <wsdl:portType name="PortType">
    <wsdl:operation name="StringOperation">
      <wsdl:input message="tns:StringInput"/>
      <wsdl:output message="tns:StringOutput"/>
    </wsdl:operation>
    <wsdl:operation name="MathOperation">
      <wsdl:input message="tns:RandomMathInput"/>
      <wsdl:output message="tns:RandomMathOutput"/>
    </wsdl:operation>
    <wsdl:operation name="RandomDateOperation">
      <wsdl:input message="tns:DateInput"/>
      <wsdl:output message="tns:DateOutput"/>
    </wsdl:operation>
  </wsdl:portType>
  <wsdl:binding name="PortTypeEndpoint0Binding" type="tns:PortType">
    <soap:binding style="document" transport="http://schemas.xmlsoap.org/soap/http"/>
    <wsdl:operation name="StringOperation">
      <soap:operation style="document" soapAction="/Processes/RandomWSDL-service0.serviceagent/PortTypeEndpoint0/StringOperation"/>
      <wsdl:input>
        <soap:body use="literal" parts="part1"/>
      </wsdl:input>
      <wsdl:output>
        <soap:body use="literal" parts="part1"/>
      </wsdl:output>
    </wsdl:operation>
    <wsdl:operation name="MathOperation">
      <soap:operation style="document" soapAction="/Processes/RandomWSDL-service0.serviceagent/PortTypeEndpoint0/MathOperation"/>
      <wsdl:input>
        <soap:body use="literal" parts="part1"/>
      </wsdl:input>
      <wsdl:output>
        <soap:body use="literal" parts="part1"/>
      </wsdl:output>
    </wsdl:operation>
    <wsdl:operation name="RandomDateOperation">
      <soap:operation style="document" soapAction="/Processes/RandomWSDL-service0.serviceagent/PortTypeEndpoint0/RandomDateOperation"/>
      <wsdl:input>
        <soap:body use="literal" parts="part1"/>
      </wsdl:input>
      <wsdl:output>
        <soap:body use="literal" parts="part1"/>
      </wsdl:output>
    </wsdl:operation>
  </wsdl:binding>
  <wsdl:message name="StringInput">
    <wsdl:part name="part1" element="ns0:RandomStringInput"/>
  </wsdl:message>
  <wsdl:message name="StringOutput">
    <wsdl:part name="part1" element="ns0:RandomStringOutput"/>
  </wsdl:message>
  <wsdl:message name="RandomMathInput">
    <wsdl:part name="part1" element="ns1:RandomMathInput"/>
  </wsdl:message>
  <wsdl:message name="RandomMathOutput">
    <wsdl:part name="part1" element="ns1:RandomMathOutput"/>
  </wsdl:message>
  <wsdl:message name="DateInput">
    <wsdl:part name="part1" element="ns2:DateInput"/>
  </wsdl:message>
  <wsdl:message name="DateOutput">
    <wsdl:part name="part1" element="ns2:DateOutput"/>
  </wsdl:message>
</wsdl:definitions>]]></con:content><con:type>http://schemas.xmlsoap.org/wsdl/</con:type></con:part></con:definitionCache><con:endpoints><con:endpoint>http://localhost:1030/Processes/RandomWSDL-service0.serviceagent/PortTypeEndpoint0</con:endpoint></con:endpoints><con:operation id="5fb3b358-e5f6-4f88-a212-94d05edfbc05" isOneWay="false" action="/Processes/RandomWSDL-service0.serviceagent/PortTypeEndpoint0/MathOperation" name="MathOperation" bindingOperationName="MathOperation" type="Request-Response" inputName="" receivesAttachments="false" sendsAttachments="false" anonymous="optional"><con:settings/><con:call id="2cb76d6e-396e-42d2-a949-22c427864992" name="Request 1"><con:settings><con:setting id="com.eviware.soapui.impl.wsdl.WsdlRequest@request-headers">&lt;xml-fragment/></con:setting></con:settings><con:encoding>UTF-8</con:encoding><con:endpoint>http://localhost:1030/Processes/RandomWSDL-service0.serviceagent/PortTypeEndpoint0</con:endpoint><con:request><![CDATA[<soapenv:Envelope xmlns:soapenv="http://schemas.xmlsoap.org/soap/envelope/" xmlns:sch="http://www.tibco.com/schemas/POC2/Schemas/Schema.xsd">\r
   <soapenv:Header/>\r
   <soapenv:Body>\r
      <sch:RandomMathInput>\r
         <!--Optional:-->\r
         <sch:Number1>10</sch:Number1>\r
         <!--Optional:-->\r
         <sch:Number2>20</sch:Number2>\r
      </sch:RandomMathInput>\r
   </soapenv:Body>\r
</soapenv:Envelope>]]></con:request><con:credentials><con:authType>No Authorization</con:authType></con:credentials><con:jmsConfig JMSDeliveryMode="PERSISTENT"/><con:jmsPropertyConfig/><con:wsaConfig mustUnderstand="NONE" version="200508" action="/Processes/RandomWSDL-service0.serviceagent/PortTypeEndpoint0/MathOperation"/><con:wsrmConfig version="1.2"/></con:call></con:operation><con:operation id="b0e9adcd-efd1-4b94-b465-391201f294e7" isOneWay="false" action="/Processes/RandomWSDL-service0.serviceagent/PortTypeEndpoint0/RandomDateOperation" name="RandomDateOperation" bindingOperationName="RandomDateOperation" type="Request-Response" inputName="" receivesAttachments="false" sendsAttachments="false" anonymous="optional"><con:settings/><con:call id="8b99519d-42a3-4415-afb6-095f2c874153" name="Request 1"><con:settings><con:setting id="com.eviware.soapui.impl.wsdl.WsdlRequest@request-headers">&lt;xml-fragment/></con:setting></con:settings><con:encoding>UTF-8</con:encoding><con:endpoint>http://localhost:1030/Processes/RandomWSDL-service0.serviceagent/PortTypeEndpoint0</con:endpoint><con:request><![CDATA[<soapenv:Envelope xmlns:soapenv="http://schemas.xmlsoap.org/soap/envelope/" xmlns:sch="http://www.tibco.com/schemas/POC2/Schemas/Schema.xsd3">\r
   <soapenv:Header/>\r
   <soapenv:Body>\r
      <sch:DateInput>\r
         <!--Optional:-->\r
         <sch:dob>1993-02-15</sch:dob>\r
      </sch:DateInput>\r
   </soapenv:Body>\r
</soapenv:Envelope>]]></con:request><con:credentials><con:authType>No Authorization</con:authType></con:credentials><con:jmsConfig JMSDeliveryMode="PERSISTENT"/><con:jmsPropertyConfig/><con:wsaConfig mustUnderstand="NONE" version="200508" action="/Processes/RandomWSDL-service0.serviceagent/PortTypeEndpoint0/RandomDateOperation"/><con:wsrmConfig version="1.2"/></con:call></con:operation><con:operation id="6190cd3d-e74e-4453-bbb7-1bed865c186c" isOneWay="false" action="/Processes/RandomWSDL-service0.serviceagent/PortTypeEndpoint0/StringOperation" name="StringOperation" bindingOperationName="StringOperation" type="Request-Response" inputName="" receivesAttachments="false" sendsAttachments="false" anonymous="optional"><con:settings/><con:call id="d5c45717-1bcf-4eb8-b907-64705d8398b7" name="Request 1"><con:settings><con:setting id="com.eviware.soapui.impl.wsdl.WsdlRequest@request-headers">&lt;xml-fragment/></con:setting></con:settings><con:encoding>UTF-8</con:encoding><con:endpoint>http://localhost:1030/Processes/RandomWSDL-service0.serviceagent/PortTypeEndpoint0</con:endpoint><con:request><![CDATA[<soapenv:Envelope xmlns:soapenv="http://schemas.xmlsoap.org/soap/envelope/" xmlns:sch="http://www.tibco.com/schemas/POC2/Schemas/Schema.xsd2">\r
   <soapenv:Header/>\r
   <soapenv:Body>\r
      <sch:RandomStringInput>\r
         <!--Optional:-->\r
         <sch:FirstName>Nikita</sch:FirstName>\r
         <!--Optional:-->\r
         <sch:LastName>Sharma</sch:LastName>\r
      </sch:RandomStringInput>\r
   </soapenv:Body>\r
</soapenv:Envelope>]]></con:request><con:credentials><con:authType>No Authorization</con:authType></con:credentials><con:jmsConfig JMSDeliveryMode="PERSISTENT"/><con:jmsPropertyConfig/><con:wsaConfig mustUnderstand="NONE" version="200508" action="/Processes/RandomWSDL-service0.serviceagent/PortTypeEndpoint0/StringOperation"/><con:wsrmConfig version="1.2"/></con:call></con:operation></con:interface><con:properties/><con:wssContainer/><con:oAuth2ProfileContainer/><con:oAuth1ProfileContainer/></con:soapui-project>