<?xml version="1.0" encoding="UTF-8"?>
<tns:MortgageRates xmlns:tns="http://www.example.org/MortgageSchema" xmlns:xsi="http://www.w3.org/2001/XMLSchema-instance" xsi:schemaLocation="http://www.example.org/MortgageSchema ../Schemas/Mortgage.xsd ">
  <tns:MortgageRate>
    <CreditProfile>A</CreditProfile>
    <MortgageRate>3.5</MortgageRate>
  </tns:MortgageRate>
  <tns:MortgageRate>
  	<CreditProfile>B</CreditProfile>
  	<MortgageRate>4.5</MortgageRate>
  </tns:MortgageRate>
</tns:MortgageRates>
